id,timestamp,user_input,model_output,feedback,feedback_value,exploration,expected_output
16997,2025-12-04T12:41:43.305978,50,100,love,2.0,0,100
16996,2025-12-04T12:41:41.435781,4050,8100,love,2.0,0,8100
16995,2025-12-04T12:41:37.683942,5000,10000,love,2.0,0,10000
16994,2025-12-04T12:41:35.746748,324,648,love,2.0,0,648
16993,2025-12-04T12:41:32.468762,5,10,love,2.0,0,10
16992,2025-12-04T12:41:29.725689,72,144,love,2.0,0,144
16991,2025-12-04T12:41:29.725364,301,602,love,2.0,0,602
16990,2025-12-04T12:41:29.725032,439,878,love,2.0,0,878
16989,2025-12-04T12:41:29.724641,562,1124,love,2.0,0,1124
16988,2025-12-04T12:41:29.724208,232,464,love,2.0,0,464
16987,2025-12-04T12:41:29.722532,668,1336,love,2.0,0,1336
16986,2025-12-04T12:41:29.721638,486,972,love,2.0,0,972
16985,2025-12-04T12:41:29.721157,28,56,love,2.0,0,56
16984,2025-12-04T12:41:29.720833,945,1890,love,2.0,0,1890
16983,2025-12-04T12:41:29.720498,729,1458,love,2.0,0,1458
16982,2025-12-04T12:41:29.719880,865,1730,love,2.0,0,1730
16981,2025-12-04T12:41:29.719507,751,1502,love,2.0,0,1502
16980,2025-12-04T12:41:29.719191,974,1948,love,2.0,0,1948
16979,2025-12-04T12:41:29.718869,524,1048,love,2.0,0,1048
16978,2025-12-04T12:41:29.718480,731,1462,love,2.0,0,1462
16977,2025-12-04T12:41:29.718020,390,780,love,2.0,0,780
16976,2025-12-04T12:41:29.717649,425,850,love,2.0,0,850
16975,2025-12-04T12:41:29.717326,474,948,love,2.0,0,948
16974,2025-12-04T12:41:29.716991,39,78,love,2.0,0,78
16973,2025-12-04T12:41:29.716610,80,160,love,2.0,0,160
16972,2025-12-04T12:41:29.715911,217,434,love,2.0,0,434
16971,2025-12-04T12:41:29.715605,671,1342,love,2.0,0,1342
16970,2025-12-04T12:41:29.715269,516,1032,love,2.0,0,1032
16969,2025-12-04T12:41:29.714889,705,1410,love,2.0,0,1410
16968,2025-12-04T12:41:29.714579,344,688,love,2.0,0,688
16967,2025-12-04T12:41:29.714272,691,1382,love,2.0,0,1382
16966,2025-12-04T12:41:29.713956,575,1150,love,2.0,0,1150
16965,2025-12-04T12:41:29.713530,629,1258,love,2.0,0,1258
16964,2025-12-04T12:41:29.713154,772,1544,love,2.0,0,1544
16963,2025-12-04T12:41:29.712787,895,1790,love,2.0,0,1790
16962,2025-12-04T12:41:29.712116,97,194,love,2.0,0,194
16961,2025-12-04T12:41:29.711775,983,1966,love,2.0,0,1966
16960,2025-12-04T12:41:29.711386,899,1798,love,2.0,0,1798
16959,2025-12-04T12:41:29.710980,89,178,love,2.0,0,178
16958,2025-12-04T12:41:29.710637,976,1952,love,2.0,0,1952
16957,2025-12-04T12:41:29.710217,713,1426,love,2.0,0,1426
16956,2025-12-04T12:41:29.709793,758,1516,love,2.0,0,1516
16955,2025-12-04T12:41:29.709458,118,236,love,2.0,0,236
16954,2025-12-04T12:41:29.709097,168,336,love,2.0,0,336
16953,2025-12-04T12:41:29.708719,677,1354,love,2.0,0,1354
16952,2025-12-04T12:41:29.707812,222,444,love,2.0,0,444
16951,2025-12-04T12:41:29.706915,401,802,love,2.0,0,802
16950,2025-12-04T12:41:29.706438,189,378,love,2.0,0,378
16949,2025-12-04T12:41:29.706099,301,602,love,2.0,0,602
16948,2025-12-04T12:41:29.705746,64,128,love,2.0,0,128
16947,2025-12-04T12:41:29.705411,879,1758,love,2.0,0,1758
16946,2025-12-04T12:41:29.705059,308,616,love,2.0,0,616
16945,2025-12-04T12:41:29.704695,4,8,love,2.0,0,8
16944,2025-12-04T12:41:29.704345,823,1646,love,2.0,0,1646
16943,2025-12-04T12:41:29.703990,179,358,love,2.0,0,358
16942,2025-12-04T12:41:29.703353,168,336,love,2.0,0,336
16941,2025-12-04T12:41:29.702906,933,1866,love,2.0,0,1866
16940,2025-12-04T12:41:29.702564,337,674,love,2.0,0,674
16939,2025-12-04T12:41:29.702169,692,1384,love,2.0,0,1384
16938,2025-12-04T12:41:29.701706,516,1032,love,2.0,0,1032
16937,2025-12-04T12:41:29.701283,681,1362,love,2.0,0,1362
16936,2025-12-04T12:41:29.700893,493,986,love,2.0,0,986
16935,2025-12-04T12:41:29.700545,156,312,love,2.0,0,312
16934,2025-12-04T12:41:29.700190,129,258,love,2.0,0,258
16933,2025-12-04T12:41:29.699804,212,424,love,2.0,0,424
16932,2025-12-04T12:41:29.698947,420,840,love,2.0,0,840
16931,2025-12-04T12:41:29.698529,502,1004,love,2.0,0,1004
16930,2025-12-04T12:41:29.698148,391,782,love,2.0,0,782
16929,2025-12-04T12:41:29.697801,771,1542,love,2.0,0,1542
16928,2025-12-04T12:41:29.697456,723,1446,love,2.0,0,1446
16927,2025-12-04T12:41:29.697071,116,232,love,2.0,0,232
16926,2025-12-04T12:41:29.696678,46,92,love,2.0,0,92
16925,2025-12-04T12:41:29.696316,919,1838,love,2.0,0,1838
16924,2025-12-04T12:41:29.695964,128,256,love,2.0,0,256
16923,2025-12-04T12:41:29.695559,348,696,love,2.0,0,696
16922,2025-12-04T12:41:29.694792,266,532,love,2.0,0,532
16921,2025-12-04T12:41:29.694307,11,22,love,2.0,0,22
16920,2025-12-04T12:41:29.693941,200,400,love,2.0,0,400
16919,2025-12-04T12:41:29.693573,921,1842,love,2.0,0,1842
16918,2025-12-04T12:41:29.693187,450,900,love,2.0,0,900
16917,2025-12-04T12:41:29.692757,356,712,love,2.0,0,712
16916,2025-12-04T12:41:29.691937,828,1656,love,2.0,0,1656
16915,2025-12-04T12:41:29.691429,967,1934,love,2.0,0,1934
16914,2025-12-04T12:41:29.690893,76,152,love,2.0,0,152
16913,2025-12-04T12:41:29.690304,597,1194,love,2.0,0,1194
16912,2025-12-04T12:41:29.689190,48,96,love,2.0,0,96
16911,2025-12-04T12:41:29.688777,596,1192,love,2.0,0,1192
16910,2025-12-04T12:41:29.688318,164,328,love,2.0,0,328
16909,2025-12-04T12:41:29.687932,879,1758,love,2.0,0,1758
16908,2025-12-04T12:41:29.687562,952,1904,love,2.0,0,1904
16907,2025-12-04T12:41:29.687164,778,1556,love,2.0,0,1556
16906,2025-12-04T12:41:29.686777,68,136,love,2.0,0,136
16905,2025-12-04T12:41:29.686345,936,1872,love,2.0,0,1872
16904,2025-12-04T12:41:29.685913,893,1786,love,2.0,0,1786
16903,2025-12-04T12:41:29.685359,675,1350,love,2.0,0,1350
16902,2025-12-04T12:41:29.684412,57,114,love,2.0,0,114
16901,2025-12-04T12:41:29.683861,521,1042,love,2.0,0,1042
16900,2025-12-04T12:41:29.683416,612,1224,love,2.0,0,1224
16899,2025-12-04T12:41:29.682971,547,1094,love,2.0,0,1094
16898,2025-12-04T12:41:29.682522,783,1566,love,2.0,0,1566
16897,2025-12-04T12:41:29.682037,959,1918,love,2.0,0,1918
16896,2025-12-04T12:41:29.681493,456,912,love,2.0,0,912
16895,2025-12-04T12:41:29.680928,457,914,love,2.0,0,914
16894,2025-12-04T12:41:29.680294,22,44,love,2.0,0,44
16893,2025-12-04T12:41:29.678772,848,1696,love,2.0,0,1696
16892,2025-12-04T12:41:02.617990,736,1472,love,2.0,0,1472
16891,2025-12-04T12:41:02.616826,269,538,love,2.0,0,538
16890,2025-12-04T12:41:02.615471,732,1464,love,2.0,0,1464
16889,2025-12-04T12:41:02.613569,900,1800,love,2.0,0,1800
16888,2025-12-04T12:41:02.612283,38,538,dislike,0.0,1,76
16887,2025-12-04T12:41:02.611030,970,1940,love,2.0,0,1940
16886,2025-12-04T12:41:02.609731,179,358,love,2.0,0,358
16885,2025-12-04T12:41:02.608451,957,1914,love,2.0,0,1914
16884,2025-12-04T12:41:02.606625,895,1790,love,2.0,0,1790
16883,2025-12-04T12:41:02.603237,300,600,love,2.0,0,600
16882,2025-12-04T12:40:48.650110,51,102,love,2.0,0,102
16881,2025-12-04T12:40:46.184127,123,246,love,2.0,0,246
16880,2025-12-04T12:40:44.200907,9,18,love,2.0,0,18
16879,2025-12-04T12:40:42.833575,555,1110,love,2.0,0,1110
16878,2025-12-04T12:40:40.334096,240,480,love,2.0,0,480
16877,2025-12-04T12:40:36.545111,600,1200,love,2.0,0,1200
16876,2025-12-04T12:40:33.595778,55,110,love,2.0,0,110
16875,2025-12-04T12:40:31.051557,123,223,dislike,1.0,1,246
16874,2025-12-04T12:40:18.823152,44,88,love,2.0,0,88
16873,2025-12-04T12:40:17.051559,9,18,love,2.0,0,18
16872,2025-12-04T12:40:04.972543,2,4,love,2.0,0,4
16871,2025-12-04T12:40:03.141429,6,12,love,2.0,0,12
16870,2025-12-04T12:39:32.838090,5,105,dislike,1.0,1,10
16869,2025-12-04T12:39:25.768051,50,1,dislike,1.0,1,100
16868,2025-12-04T12:39:21.925300,100,973,dislike,1.0,1,200
16867,2025-12-04T12:39:19.017886,4,204,dislike,1.0,1,8
16866,2025-12-04T12:39:14.619918,5,2,dislike,1.0,1,10
16865,2025-12-04T12:39:11.370072,8,6,dislike,1.0,1,16
16864,2025-12-04T12:38:57.067901,3,15,dislike,1.0,1,6
16863,2025-12-04T12:38:53.889163,66,56,dislike,1.0,1,132
16862,2025-12-04T12:38:26.812548,55,275,dislike,1.0,1,110
16861,2025-12-04T12:38:24.535692,3,30,dislike,1.0,1,6
16860,2025-12-04T12:38:21.847687,5,12,dislike,1.0,1,10
16859,2025-12-04T12:38:16.180357,10,297,dislike,1.0,1,20
16858,2025-12-04T12:37:59.865840,5,5,dislike,1.0,1,10
